IP,MAC,Hostname
161.165.144.182 ,c8:7b:41:b0:41:2d ,com.example.isa 
161.165.144.166 ,65:72:5f:39:41:9a ,com.example.quentin_carroll 
161.165.144.167 ,b5:0f:0e:85:53:2f ,com.example.wilmer 
161.165.144.163 ,a5:7a:f0:25:fc:98 ,com.example.luis.west 
161.165.144.174 ,ac:45:06:ba:81:14 ,com.example.anthony.bogan 
161.165.144.185 ,de:94:9b:ca:92:42 ,com.example.ernie.roob 
161.165.144.178 ,b3:f4:86:3d:3e:e7 ,com.example.heath 
161.165.144.187 ,c0:eb:0b:69:66:1f ,com.example.stefani 
161.165.144.162 ,6b:e1:60:47:01:ea ,com.example.minnie.powlowski 
161.165.144.186 ,61:4f:fc:36:e7:e2 ,com.example.odelia 
161.165.144.179 ,e8:32:26:0b:77:43 ,com.example.jay_cole 
161.165.144.175 ,84:72:12:96:eb:1b ,com.example.mose 
161.165.144.190 ,a3:a7:76:42:e3:0a ,com.example.rigoberto.hane 
161.165.144.165 ,0e:da:be:7c:69:71 ,com.example.malik.berge 
161.165.144.177 ,3f:c5:64:4b:b6:40 ,com.example.chet_schaefer 
161.165.144.188 ,1a:e7:c2:63:ff:1a ,com.example.tajuana 
161.165.144.183 ,43:b3:7f:8f:a8:61 ,com.example.alesia_gottlieb 
161.165.144.168 ,88:71:72:fc:fc:55 ,com.example.johana 
161.165.144.171 ,b7:dc:55:29:a5:66 ,com.example.lucas_heaney 
213.167.182.144 ,80:6b:50:d0:3a:93 ,com.example.guy 
213.167.182.155 ,6a:bc:17:f9:14:22 ,com.example.paul 
213.167.182.153 ,72:53:ef:c7:d1:2d ,com.example.belle 
213.167.182.147 ,0d:e3:05:1f:25:34 ,com.example.ligia 
87.90.24.200 ,34:ab:82:01:cc:f9 ,com.example.efren.schaden 
87.90.24.142 ,45:83:2f:11:1f:2b ,com.example.jasper 
87.90.24.132 ,42:55:f1:37:84:27 ,com.example.james.heller 
87.90.24.9 ,78:8b:2c:10:f2:6e ,com.example.moshe 
87.90.24.129 ,60:46:73:82:43:f2 ,com.example.maire 
87.90.24.78 ,69:8b:ea:0f:8c:46 ,com.example.edmundo_bins 
87.90.24.24 ,8f:3c:62:08:27:6b ,com.example.tobias_johnson 
87.90.24.69 ,cc:3f:44:fa:d1:8e ,com.example.carleen 
87.90.24.221 ,f0:e9:d8:a9:9b:8d ,com.example.vina.renner 
87.90.24.89 ,be:b4:6b:a9:0a:34 ,com.example.bette.blick 
87.90.24.216 ,7a:a8:84:63:d2:d4 ,com.example.laurice 
87.90.24.229 ,a1:c3:45:c1:75:b4 ,com.example.pierre 
87.90.24.203 ,3f:d9:51:f8:53:1f ,com.example.evonne 
87.90.24.36 ,94:ba:4e:0d:a8:1b ,com.example.natasha.streich 
