MAC,IP,Hostname
c8:7b:41:b0:41:2d ,161.165.144.182 ,com.example.isa 
65:72:5f:39:41:9a ,161.165.144.166 ,com.example.quentin_carroll 
b5:0f:0e:85:53:2f ,161.165.144.167 ,com.example.wilmer 
a5:7a:f0:25:fc:98 ,161.165.144.163 ,com.example.luis.west 
ac:45:06:ba:81:14 ,161.165.144.174 ,com.example.anthony.bogan 
de:94:9b:ca:92:42 ,161.165.144.185 ,com.example.ernie.roob 
b3:f4:86:3d:3e:e7 ,161.165.144.178 ,com.example.heath 
c0:eb:0b:69:66:1f ,161.165.144.187 ,com.example.stefani 
6b:e1:60:47:01:ea ,161.165.144.162 ,com.example.minnie.powlowski 
61:4f:fc:36:e7:e2 ,161.165.144.186 ,com.example.odelia 
1a:e7:c2:63:ff:1a ,161.165.144.188 ,com.example.tajuana 
43:b3:7f:8f:a8:61 ,161.165.144.183 ,com.example.alesia_gottlieb 
88:71:72:fc:fc:55 ,161.165.144.168 ,com.example.johana 
b7:dc:55:29:a5:66 ,161.165.144.171 ,com.example.lucas_heaney 
80:6b:50:d0:3a:93 ,213.167.182.144 ,com.example.guy 
6a:bc:17:f9:14:22 ,213.167.182.155 ,com.example.paul 
72:53:ef:c7:d1:2d ,213.167.182.153 ,com.example.belle 
eb:c7:d3:33:c1:61 ,213.167.182.148 ,com.example.hiram 
85:c5:9a:c6:c0:21 ,213.167.182.152 ,com.example.delora.kreiger 
b6:45:ee:2e:b2:8a ,213.167.182.145 ,com.example.otha 
0d:e3:05:1f:25:34 ,213.167.182.147 ,com.example.ligia 
34:ab:82:01:cc:f9 ,87.90.24.200 ,com.example.efren.schaden 
45:83:2f:11:1f:2b ,87.90.24.142 ,com.example.jasper 
42:55:f1:37:84:27 ,87.90.24.132 ,com.example.james.heller 
78:8b:2c:10:f2:6e ,87.90.24.9 ,com.example.moshe 
60:46:73:82:43:f2 ,87.90.24.129 ,com.example.maire 
69:8b:ea:0f:8c:46 ,87.90.24.78 ,com.example.edmundo_bins 
8f:3c:62:08:27:6b ,87.90.24.24 ,com.example.tobias_johnson 
cc:3f:44:fa:d1:8e ,87.90.24.69 ,com.example.carleen 
f0:e9:d8:a9:9b:8d ,87.90.24.221 ,com.example.vina.renner 
be:b4:6b:a9:0a:34 ,87.90.24.89 ,com.example.bette.blick 
7a:a8:84:63:d2:d4 ,87.90.24.216 ,com.example.laurice 
a1:c3:45:c1:75:b4 ,87.90.24.229 ,com.example.pierre 
3f:d9:51:f8:53:1f ,87.90.24.203 ,com.example.evonne 
94:ba:4e:0d:a8:1b ,87.90.24.36 ,com.example.natasha.streich 
